{
    "available": [
        {
            "username": "marsevilla@hotmail.com",
            "gmail": "marsevilla@hotmail.com",
            "password": "M4rs3v1ll4!"
        },
        {
            "username": "carinaamandan@hotmail.com",
            "gmail": "carinaamandan@hotmail.com",
            "password": "carinaamanda1"
        },
        {
            "username": "jefflamere@hotmail.com",
            "gmail": "jefflamere@hotmail.com",
            "password": "xwilliemays77!"
        },
        {
            "username": "noureddineelfahsi@outlook.es",
            "gmail": "noureddineelfahsi@outlook.es",
            "password": "Noureddine2008"
        },
        {
            "username": "kellie59410@outlook.fr",
            "gmail": "kellie59410@outlook.fr",
            "password": "Flora59Dkevi1989@"
        },
        {
            "username": "swordblast12@hotmail.com",
            "gmail": "swordblast12@hotmail.com",
            "password": "Nepnep12!"
        },
        {
            "username": "kellianlechat@hotmail.com",
            "gmail": "kellianlechat@hotmail.com",
            "password": "Kermayris34@"
        },
        {
            "username": "kyano.nl.hs@outlook.com",
            "gmail": "kyano.nl.hs@outlook.com",
            "password": "Kyano2007!"
        },
        {
            "username": "christinew_walker@outlook.com",
            "gmail": "christinew_walker@outlook.com",
            "password": "Cww11300!"
        },
        {
            "username": "lucasdisturbed@outlook.com",
            "gmail": "lucasdisturbed@outlook.com",
            "password": "Leonardo2.0"
        },
        {
            "username": "brehayan_robzmont@hotmail.com",
            "gmail": "brehayan_robzmont@hotmail.com",
            "password": "Maloyuridia1"
        },
        {
            "username": "guillermo-gmm@hotmail.com",
            "gmail": "guillermo-gmm@hotmail.com",
            "password": "Memo3338200662"
        },
        {
            "username": "aimeeshepherd01@outlook.com",
            "gmail": "aimeeshepherd01@outlook.com",
            "password": "MNBasdPOI123!"
        },
        {
            "username": "nian.adnan@hotmail.com",
            "gmail": "nian.adnan@hotmail.com",
            "password": "Aland2010?"
        },
        {
            "username": "fedebu2008@gmail.com",
            "gmail": "fedebu2008@gmail.com",
            "password": "Cachafaz2008."
        },
        {
            "username": "drewgnadt97@hotmail.com",
            "gmail": "drewgnadt97@hotmail.com",
            "password": "Qsvhmrv6!"
        },
        {
            "username": "lubydio@hotmail.com",
            "gmail": "lubydio@hotmail.com",
            "password": "R83bsv54!"
        }
    ],
    "distributed": [
        {
            "username": "pene",
            "gmail": "penesito@gmail.com",
            "password": "penepene"
        },
        {
            "username": "pepe",
            "gmail": "pepe@gmail.com",
            "password": "pepeto",
            "distribution_date": "2025-11-18T18:20:18.900338",
            "message_id": 1440406277040902226,
            "reactions": {
                "\u2705": 2,
                "\u274c": 0,
                "users": [
                    827563445972107316,
                    1263889938328322099
                ]
            }
        },
        {
            "username": "guillermo-gmm@hotmail.com",
            "gmail": "guillermo-gmm@hotmail.com",
            "password": "Memo3338200662",
            "distribution_date": "2025-11-18T18:59:03.846013",
            "message_id": 1440416026448760842,
            "reactions": {
                "\u2705": 0,
                "\u274c": 0,
                "\ud83d\udea8": 0,
                "users": []
            }
        },
        {
            "username": "marsevilla@hotmail.com",
            "gmail": "marsevilla@hotmail.com",
            "password": "M4rs3v1ll4!",
            "distribution_date": "2025-11-18T19:37:08.908856",
            "message_id": 1440425610802630787,
            "reactions": {
                "\u2705": 0,
                "\u274c": 0,
                "\ud83d\udea8": 0,
                "users": []
            }
        },
        {
            "username": "carinaamandan@hotmail.com",
            "gmail": "carinaamandan@hotmail.com",
            "password": "carinaamanda1",
            "distribution_date": "2025-11-18T19:37:41.028174",
            "message_id": 1440425745968136335,
            "reactions": {
                "\u2705": 0,
                "\u274c": 0,
                "\ud83d\udea8": 0,
                "users": []
            }
        },
        {
            "username": "jefflamere@hotmail.com",
            "gmail": "jefflamere@hotmail.com",
            "password": "xwilliemays77!",
            "distribution_date": "2025-11-18T19:40:02.195139",
            "message_id": 1440426337541296128,
            "reactions": {
                "\u2705": 0,
                "\u274c": 0,
                "\ud83d\udea8": 0,
                "users": []
            }
        },
        {
            "username": "noureddineelfahsi@outlook.es",
            "gmail": "noureddineelfahsi@outlook.es",
            "password": "Noureddine2008",
            "distribution_date": "2025-11-18T19:50:02.124438",
            "message_id": 1440428854056583265,
            "reactions": {
                "\u2705": 0,
                "\u274c": 0,
                "\ud83d\udea8": 0,
                "users": []
            }
        },
        {
            "username": "kellie59410@outlook.fr",
            "gmail": "kellie59410@outlook.fr",
            "password": "Flora59Dkevi1989@",
            "distribution_date": "2025-11-18T20:00:02.639239",
            "message_id": 1440431371268128808,
            "reactions": {
                "\u2705": 0,
                "\u274c": 0,
                "\ud83d\udea8": 0,
                "users": []
            }
        },
        {
            "username": "swordblast12@hotmail.com",
            "gmail": "swordblast12@hotmail.com",
            "password": "Nepnep12!",
            "distribution_date": "2025-11-18T20:21:37.793690",
            "message_id": 1440436803155791974,
            "reactions": {
                "\u2705": 0,
                "\u274c": 0,
                "\ud83d\udea8": 0,
                "users": []
            }
        },
        {
            "username": "kellianlechat@hotmail.com",
            "gmail": "kellianlechat@hotmail.com",
            "password": "Kermayris34@",
            "distribution_date": "2025-11-18T20:31:37.294246",
            "message_id": 1440439319922868246,
            "reactions": {
                "\u2705": 0,
                "\u274c": 0,
                "\ud83d\udea8": 0,
                "users": []
            }
        }
    ]
}